,Fecha,Folio,Proveedor,Descripción,TIPO GASTO,Importe,IVA,TOTAL MX
0,2023-01-01,31,AESA ARTICULOS ELECTRICOS,Pago,COMPRAS,0.0,0.0,0.0
1,2023-01-01,38,AESA ARTICULOS ELECTRICOS,Pago,COMPRAS,0.0,0.0,0.0
2,2023-01-01,341932,BEPENSA LEASING S.A. DE C.V.,AA RENTA EXIGIBLE CL0000006876 30/36 de 03/12/2022 a 02/01/2023,ARRENDAMIENTO FINANCIERO,5551.38,888.22,6439.6
3,2023-01-01,341933,BEPENSA LEASING S.A. DE C.V.,AA RENTA EXIGIBLE CL0000006877 30/36 de 03/12/2022 a 02/01/2023,ARRENDAMIENTO FINANCIERO,5551.98,888.32,6440.299999999999
4,2023-01-01,342205,BEPENSA LEASING S.A. DE C.V.,AA RENTA EXIGIBLE CL0000009486 5/48 de 03/12/2022 a 02/01/2023,ARRENDAMIENTO FINANCIERO,8454.37,1352.7,9807.070000000002
5,2023-01-01,0001010100750847116902,"BANCO NACIONAL DE MEXICO, S.A.",COMISION COBRADA,COMISION BANCARIA,490.0,78.4,568.4
6,2023-01-01,007817297284,"BANCO NACIONAL DE MEXICO, S.A.",Servicios de Facturación,COMISION BANCARIA,0.0,0.0,0.0
7,2023-01-01,56,INGE MARIA DEL CARMEN DE ROSENZWEIG FERNANDEZ,"SERVICIOS DE CONSULTORIA Y COACHING DEL MES DE
ENERO 2023",CAPACITACION,4543.1,726.9,5213.21
8,2023-01-01,90864603,"SEGUROS BANORTE SA DE CV, GRUPO FINANCIERO BANORTE",PRIMA. RECIBO:57888075,SEGUROS,1717.25,0.0,1717.25
9,2023-01-01,7020,CARLOS ENRIQUE ZERMEÑO GUTIERREZ,Pago,COMPRAS,0.0,0.0,0.0
10,2023-01-01,201886,BEPENSA LEASING S.A. DE C.V.,Pago,ARRENDAMIENTO FINANCIERO,0.0,0.0,0.0
11,2023-01-01,201887,BEPENSA LEASING S.A. DE C.V.,Pago,ARRENDAMIENTO FINANCIERO,0.0,0.0,0.0
12,2023-01-01,202118,BEPENSA LEASING S.A. DE C.V.,Pago,ARRENDAMIENTO FINANCIERO,0.0,0.0,0.0
13,2023-01-01,4535,COMERCIALIZADORA ELECTRICA INDUSTRIAL VAZQUEZ,Pago,COMPRAS,0.0,0.0,0.0
14,2023-01-01,4640966,COSTCO DE MEXICO,QUESO MONTEREY JACK 907 G KIRKLAND SIGNATURE,NO DEDUCIBLE,2265.8399999999997,37.11,2302.95
15,2023-01-01,22022120028311,INTERCAM FONDOS SA DE CV SOCIEDAD OPERADORA DE FONDOS DE INVERSION INTERCAM GRUPO FINANCIERO,Comisiones y Otros Cargos,COMISION BANCARIA,0.0,0.0,0.0
16,2023-01-01,155502,"PROMOCIONES GRAFICAS MEXICANAS, S.A. DE C.V.",Pago,PUBLICIDAD,0.0,0.0,0.0
17,2023-01-01,XXXX,TELEFONOS DE MEXICO S.A.B. DE C.V.,SUSCRIPCION NETFLIX,TELEFONO,2623.03,401.28,3024.3100000000004
18,2023-01-01,1144178,ASPEL DE MEXICO,Suscripción ASPEL-NOI Mensual 1 Usr(s),MTTO COMPUTO,428.0,68.48,496.48
19,2023-01-01,16165,ASOCIACION DE TRABAJADORES A LA VANGUARDIA,CUOTA EXTRAORDINARIA,COMISION MIXTA,5000.0,0.0,5000.0
20,2023-01-01,16173,ASOCIACION DE TRABAJADORES A LA VANGUARDIA,ADMINISTRACION DE PROGRAMA DE COMPETITIVIDAD CON NUMERO DE FOLIO  CALOR/PEPCE/ATVANGUARDIA/123/2021,COMISION MIXTA,22316.98,0.0,22316.98
21,2023-01-01,420221201898904,"INTERCAM BANCO S.A., INSTITUCION DE BANCA MULTIPLE, INTERCAM GRUPO FINANCIERO",COMISIÓN POR TIMBRADO FISCAL,COMISION BANCARIA,0.0,0.0,0.0
22,2023-01-01,420221201898904,"INTERCAM BANCO S.A., INSTITUCION DE BANCA MULTIPLE, INTERCAM GRUPO FINANCIERO",COMISION POR TIMBRADO FISCAL,COMISION BANCARIA,0.0,0.0,0.0
23,2023-01-01,7261,"""J&M INTERCOPY""",MICROSOFT 365 APPS FOR BUSINESSVLIC,MTTO COMPUTO,2223.0,355.68,2578.68
24,2023-01-01,75812,NOVATEL MEXICANA SA DE CV,"BANDA 0.010"" TWO PLY 15 MM  X 750 MM",COMPRAS,1960.0,313.6,2273.6
25,2023-01-01,1184,NOVATEL MEXICANA SA DE CV,Pago,COMPRAS,0.0,0.0,0.0
26,2023-01-01,3126,SERVICIOS CORPORATIVOS ESPECIALIZADOS DE PRODUCTIVIDAD Y COMPETITIVIDAD EMPRESARIAL,SERVICIOS LEGALES SOBRE DERECHO LABORAL,HONORARIOS PM,2231.7,357.07,2588.77
27,2023-01-01,34827,SEGURIDAD INDUSTRIAL AMIGO,"Overol, con Gorro y Elástico en Muñecas y Tobillos Tyvek Dupont, Blanco, TY127S, LG",UNIFORMES,107.82,17.25,125.07
28,2023-01-01,20922111,ADT PRIVATE SECURITY SERVICES DE MEXICO,Monitoreo Dual Com Ret,MONITOREO CAMARAS ADT,1452.0,232.32,1684.32
29,2023-01-01,4642855,COSTCO DE MEXICO,CLEMENTINAS 2.2 KG.,NO DEDUCIBLE,750.98,44.32,795.3000000000001
30,2023-01-01,4642856,COSTCO DE MEXICO,ROSCA DE REYES 2 KG KIRKLAND SIGNATURE,NO DEDUCIBLE,349.0,0.0,349.0
31,2023-01-01,75818,NOVATEL MEXICANA SA DE CV,"CINTA 0.005"" C/A STD DE 3"" X 33 MT",COMPRAS,17160.0,2745.6,19905.6
32,2023-01-01,78361,TORNILLEROS UNIDOS DEL BAJIO SA DE CV,DURACELL - PILA ALCALINA 9V (PAQUETE),COMPRAS ,604.73,96.76,701.49
33,2023-01-01,34532337,ADT Private Security Services de México S.A. de C.V.,Pago,MONITOREO CAMARAS ADT,0.0,0.0,0.0
34,2023-01-01,4546,COMERCIALIZADORA ELECTRICA INDUSTRIAL VAZQUEZ,Pago,COMPRAS,0.0,0.0,0.0
35,2023-01-01,4547,COMERCIALIZADORA ELECTRICA INDUSTRIAL VAZQUEZ,Pago,COMPRAS,0.0,0.0,0.0
36,2023-01-01,18845,PEDRO MENDOZA MARTINEZ,Disco S-Prec Corte A.Inox  115x1x22.2 A46UBFINOX#                                 CVE:  750,COMPRAS,406.55,65.05,471.6
37,2023-01-01,75827,NOVATEL MEXICANA SA DE CV,"CINTA 0.005"" C/A STD DE 3/4"" X 33 MT",COMPRAS,6847.94,1095.67,7943.61
38,2023-01-01,1147497,ASPEL DE MEXICO,Suscripción ASPEL-BANCO Mensual 1 Usr(s),MTTO COMPUTO,335.0,53.6,388.6
39,2023-01-01,2000744898,DHL EXPRESS MEXICO,Pago,MENSAJERIA,0.0,0.0,0.0
40,2023-01-01,90682,AESA ARTICULOS ELECTRICOS,TUBO PARA CARTUCHO 5/8 (15CM 7B GD),COMPRAS,3900.0,624.0,4524.0
41,2023-01-01,154616,COMERCIALIZADORA ELECTRICA INDUSTRIAL VAZQUEZ,ALAMBRE NICROMEL KANTHAL 80/20 CALIBRE 30,COMPRAS,9277.64,1484.42,10762.06
42,2023-01-01,4646622,COSTCO DE MEXICO,30 TAB DRUSEN MEGA,NO DEDUCIBLE,1703.31,272.52,1975.83
43,2023-01-01,4646710,COSTCO DE MEXICO,PASAS CUBIERTAS DE CHOCOLATE 1.53 KG KIRKLAND SIGNATURE,NO DEDUCIBLE,2273.63,267.69,2541.32
44,2023-01-01,11475,AT&T COMERCIALIZACION MOVIL,"REDMI 10A GRIS GRAFITO ATT, SIM 8952050402220317623F, IMEI 863696067189549",TELEFONO,0.0,0.0,0.0
45,2023-01-01,1695,"""J&M INTERCOPY""",Pago,MTTO COMPUTO,0.0,0.0,0.0
46,2023-01-01,2756,JOSE ISMAEL MANCILLA COLUNGA,S CONTABLE MES DICIEMBRE 2022,HONORARIOS CONTABLES,4396.55,703.45,5100.0
47,2023-01-01,8558,MARISOL MENDOZA CHAVEZ,GAS OXIGENO INDUSTRIAL 9.5  M3 .,COMPRAS,560.35,89.66,650.01
48,2023-01-01,1195,NOVATEL MEXICANA SA DE CV,Pago,COMPRAS,0.0,0.0,0.0
49,2023-01-01,1196,NOVATEL MEXICANA SA DE CV,Pago,COMPRAS,0.0,0.0,0.0
50,2023-01-01,990,PRODUCTOS REFRACTARIOS PARA LA INDUSTRIA,Pago,COMPRAS,0.0,0.0,0.0
51,2023-01-01,7039,CARLOS ENRIQUE ZERMEÑO GUTIERREZ,VARILLA DE SOLDADURA DE PLATA AL 35% EN 1/16 X 18,COMPRAS,7710.39,1233.66,8944.050000000001
52,2023-01-01,57417306,Autotransportes de Carga Tresguerras S.A de C.V.,Flete (IZT03462671),PAQUETERIA,140.09,22.41,158.6
53,2023-01-01,1154951,ASPEL DE MEXICO,Suscripción ASPEL-COI Mensual 1 Usr(s),MTTO COMPUTO,377.0,60.32,437.32
54,2023-01-01,1013655,NUEVA WAL MART DE MEXICO,GV AZUCAR,ALIMENTOS,571.0,0.0,571.0
55,2023-01-01,28937,SANJUANA VARGAS ALMANZA,"AX41A - Control de temperatura digital 1/16 Din  48x48mm  entrada  J, K, pt100 , salida SSR + Rele + Rele  alim 100-240vca ",COMPRAS,3072.96,491.67,3564.63
56,2023-01-01,90792,AESA ARTICULOS ELECTRICOS,INTERRUPTOR 3 CALORES,COMPRAS,2822.38,451.58,3273.96
57,2023-01-01,90810,AESA ARTICULOS ELECTRICOS,TUBO PARA CARTUCHO 1/2 (15CM 7B),COMPRAS,525.0,84.0,609.0
58,2023-01-01,6784,CACELEC,"TIPO CAFETERA TY60 FIJO 55ºC, CAMPINI, TERMOSTATO BIMETALICO",COMPRAS,2868.14,458.9,3327.04
59,2023-01-01,4559,COMERCIALIZADORA ELECTRICA INDUSTRIAL VAZQUEZ,Pago,COMPRAS,0.0,0.0,0.0
60,2023-01-01,154864,COMERCIALIZADORA ELECTRICA INDUSTRIAL VAZQUEZ,"TAPON LATON MACIZO 2"" NPT #11",COMPRAS,28993.3,4638.93,33632.229999999996
61,2023-01-01,174560,ELECTROTERMICA NACIONAL,"CABLE PARA TERMOPAR tipo J, calibre 20, con forro de P.V.C., codigo J-PVC/PVC-20. (109267-1 MO)",COMPRAS,9240.0,1478.4,10718.4
62,2023-01-01,840516,FERREHERRAMIENTAS,TOR GOTA COMB GALV 3/16 x 1/4,COMPRAS,132.0,21.12,153.12
63,2023-01-01,358223,"INFRA, S.A. DE C.V.",CARGA DE SPARK LASER O2 ASISTENCIA CL,COMPRAS,522.47,83.6,606.07
64,2023-01-01,67258,MR MULTISERVICIOS INDUSTRIALES,"BARRA RED AC INOX T-304 DE  1/2""",COMPRAS,273.0,43.68,316.68
65,2023-01-01,71442,AUTOCOM NOVA SAPI DE CV,"SERVICIO 40,000KM MARCH",MTTO TRANSPORTE,5732.759999999999,917.24,6649.999999999999
66,2023-01-01,7125,"AR PIROMETRIA E INGENIERIA, S.A. DE C.V.",Pago,COMPRAS,0.0,0.0,0.0
67,2023-01-01,7173,"AR PIROMETRIA E INGENIERIA, S.A. DE C.V.","ALAMBRE DESNUDO PARA TERMOPAR TIPO K POSITIVO, CAL. 8 AWG
",COMPRAS,8700.0,1392.0,10092.0
68,2023-01-01,7174,"AR PIROMETRIA E INGENIERIA, S.A. DE C.V.","AISLADOR OVALADO CAL.8 AWG DE 2 CANALES X 3"" DE LARGO
",COMPRAS,1500.0,240.0,1740.0
69,2023-01-01,16349,ASOCIACION DE TRABAJADORES A LA VANGUARDIA,ADMINISTRACION DE PROGRAMA DE COMPETITIVIDAD CON NUMERO DE FOLIO  CALOR/PEPCE/ATVANGUARDIA/123/2021,COMISION MIXTA,19920.13,0.0,19920.13
70,2023-01-01,4650189,COSTCO DE MEXICO,CECINA RES EXTRAFINA PRECIO POR KILO REAL DE PLATA,NO DEDUCIBLE,1651.34,16.41,1667.75
71,2023-01-01,368777,Electrica Jibe Sa De Cv,KIT 3 FOCOS A19 8.5W 6500K,COMPRAS,56.03,8.96,64.99000000000001
72,2023-01-01,4115,BENJAMÍN MAYA MONDRAGÓN,"NIPLES DE A-INOX DE 1/2 X 1/2 NPT, BARRENO DE 1/4",COMPRAS,5600.0,896.0,6496.0
73,2023-01-01,139940,OPERADORA DE SERVICIOS PAQUETEXPRESS,SERVICIOS DE PAQUETERIA Y MENSAJERIA,PAQUETERIA,454.61,72.74,527.35
74,2023-01-01,3708,"PRODUCTOS POLIMEX, S.A. DE C.V.",Pago,COMPRAS,0.0,0.0,0.0
75,2023-01-01,3709,"PRODUCTOS POLIMEX, S.A. DE C.V.",Pago,COMPRAS,0.0,0.0,0.0
76,2023-01-01,3710,"PRODUCTOS POLIMEX, S.A. DE C.V.",Pago,COMPRAS,0.0,0.0,0.0
77,2023-01-01,3248,SERVICIOS CORPORATIVOS ESPECIALIZADOS DE PRODUCTIVIDAD Y COMPETITIVIDAD EMPRESARIAL,SERVICIOS LEGALES SOBRE DERECHO LABORAL,HONORARIOS PM,1992.01,318.73,2310.74
78,2023-01-01,1328073,"Travers Tool, S. de R.L. de C.V.",GUANTES PARA SANDBLASTEADORA TR4222,COMPRAS,537.1500000000001,85.94,623.0900000000001
79,2023-01-01,90905,AESA ARTICULOS ELECTRICOS,ALAMBRE NICROMEL 80/20 (23),COMPRAS,6200.0,992.0,7192.0
80,2023-01-01,71454,AUTOCOM NOVA SAPI DE CV,"SERVICIO 50,000KM MARCH",MTTO TRANSPORTE,5732.76,917.24,6650.0
81,2023-01-01,154996,COMERCIALIZADORA ELECTRICA INDUSTRIAL VAZQUEZ,ALAMBRE NICROMEL KANTHAL 80/20 CALIBRE 20,COMPRAS,14594.34,2335.1,16929.44
82,2023-01-01,18558,3D MARKET S DE RL DE CV,Resin Plus Pro 1 kg Gray,COMPRAS,770.0,123.2,893.2
83,2023-01-01,368961,Electrica Jibe Sa De Cv,CLAVIJA 2P 3H 20A 250V IP20,COMPRAS,193.01,30.88,223.89
84,2023-01-01,4514,FM INGENIEROS 3.3,"COLCHA DE LANA MINERAL DE 2"" DE ESP 61 X 2.44 MTS 6 LBS",COMPRAS,610.0,97.6,707.6
85,2023-01-01,1013656,Grupo Jinim SA de CV,AVERA Freidora Electrica Electrica,VARIOS,1240.6,198.5,1439.1
86,2023-01-01,8569,MARISOL MENDOZA CHAVEZ,GAS OXIGENO INDUSTRIAL 9.5  M3 .,COMPRAS,560.35,89.66,650.01
87,2023-01-01,74,FRANCISCO DE GUADALUPE NOGUERAS RUBIO,Servicio dirección empresarial,GERENCIA ADMON,30000.0,4800.0,28600.0
88,2023-01-01,244213,LA PALOMA COMPAÑÍA DE METALES S.A. DE CV,INOX.LAMINA 304 2B C-26 914X3048 MM,COMPRAS,1058.32,169.33,1227.6499999999999
89,2023-01-01,34198,"PRODUCTOS POLIMEX, S.A. DE C.V.",CERAMICA PARA ALTA TEMPERATURA,COMPRAS,9100.0,1456.0,10556.0
90,2023-01-01,XXXX,ALEJANDRO ANTONIO SORIA MOLINA,COACHING CORPORATIVO ENERO 2023,COMPRAS ,10000.0,1600.0,10408.32
91,2023-01-01,573890,BEBIDAS PURIFICADAS,Epura 20 Lts Policarbonato,ALIMENTOS,220.0,0.0,220.0
92,2023-01-01,11121992,PODER EJECUTIVO DEL ESTADO DE QUERETARO,DERECHOS POR CONTROL VEHICULAR,DERECHOS,948.0,0.0,948.0
93,2023-01-01,XXXX,CARLOS LASTRA FALLAS,INTEGRACION DE EQUIPO DE TRABAJO,CAPACITACION,3750.0,600.0,4350.0
94,2023-01-01,1680,MARISOL MENDOZA CHAVEZ,Pago,COMPRAS,0.0,0.0,0.0
95,2023-01-01,37332,OPERADORA DE SERVICIOS PAQUETEXPRESS SA DE CV,Pago,PAQUETERIA,0.0,0.0,0.0
96,2023-01-01,44863938,AT&T COMERCIALIZACION MOVIL,Pago,TELEFONO,0.0,0.0,0.0
97,2023-01-01,4573,COMERCIALIZADORA ELECTRICA INDUSTRIAL VAZQUEZ,Pago,COMPRAS,0.0,0.0,0.0
98,2023-01-01,2883,DELIVERYMAIL,Pago,PAQUETERIA,0.0,0.0,0.0
99,2023-01-01,52470,DHL EXPRESS MEXICO,EXPRESS DOMESTIC,MENSAJERIA,347.82,55.65,403.46999999999997
100,2023-01-01,9000,EXI BAJIO,Servicio de Arrendamiento,RENTA COPIADORA,2000.0,320.0,2320.0
101,2023-01-01,6734,ELECTROTERMICA NACIONAL SA DE CV,Pago,COMPRAS,0.0,0.0,0.0
102,2023-01-01,7294,"""J&M INTERCOPY""",POLIZA DE MANTENIMIENTO,MTTO COMPUTO,6324.0,1011.84,7335.84
103,2023-01-01,1201,Jesús Aarón Nuño Córdova,TONER GEN HP CE285A,MTTO COMPUTO,1241.38,198.62,1440.0
104,2023-01-01,178363,SERVICIO COMERCIAL GARIS,BIC ENCENDEDOR MAXI CH 25/15PZ SURTIDO,ALIMENTOS,224.14,35.86,260.0
105,2023-01-01,7058,CARLOS ENRIQUE ZERMEÑO GUTIERREZ,VARILLA DE SOLDADURA DE PLATA AL 35% EN 1/16 X 18,COMPRAS,7695.0,1231.2,8926.2
106,2023-01-01,93056,BQ ELECTRONICA,-PUNTAS PARA MULTIMETRO MUL-050,COMPRAS,170.69,27.31,198.0
107,2023-01-01,6814,CACELEC,"PARRILLA 2100 W, 240 V, TELEDYNE, RESISTENCIA TUBULAR",COMPRAS,2800.0,448.0,3248.0
108,2023-01-01,155216,COMERCIALIZADORA ELECTRICA INDUSTRIAL VAZQUEZ,CABLE TERMOPAR MALLA INOX TIPO J-FB-FB-SSB-20S ROLLO 100M,COMPRAS,20803.73,3328.59,24132.32
109,2023-01-01,2108,MINU SERVICIOS,MINU - SERVICIOS DE BIENESTRAR Y ASISTENCIA FINANCIERA (SUSCRIPCION) DEL MES DE ENERO 2023,SUSCRIPCIONES,944.0,151.04,1095.04
110,2023-01-01,75911,NOVATEL MEXICANA SA DE CV,"CINTA 0.005"" C/A STD DE 1/2"" X 33 MT",COMPRAS,3448.0,551.68,3999.68
111,2023-01-01,5362,"PINTURAS EZEQUIEL MONTES DE QUERETARO, S.A. DE C.V",GASOLINA BLANCA,COMPRAS ,116.38,18.62,135.0
112,2023-01-01,244317,LA PALOMA COMPAÑÍA DE METALES S.A. DE CV,INOX.LAMINA 304 2B C-26 914X3048 MM,COMPRAS,198.51,31.76,230.26999999999998
113,2023-01-01,91211,AESA ARTICULOS ELECTRICOS,CINTA NICROMEL  (3.1X.254mm),COMPRAS,14806.52,2369.04,17175.56
114,2023-01-01,16772,ASOCIACION DE TRABAJADORES A LA VANGUARDIA,ADMINISTRACION DE PROGRAMA DE COMPETITIVIDAD CON NUMERO DE FOLIO  CALOR/PEPCE/ATVANGUARDIA/123/2021,COMISION MIXTA,19440.14,0.0,19440.14
115,2023-01-01,1955427,EFECTIVALE S. de R.L. de C.V.,DISPERSION,GASOLINA,10300.0,48.0,10348.0
116,2023-01-01,67504,MR MULTISERVICIOS INDUSTRIALES,"PLACA AC INOX T304 1/4""",COMPRAS,810.0,129.6,939.6
117,2023-01-01,75925,NOVATEL MEXICANA SA DE CV,"CINTA 0.003"" C/A STD DE 1/2"" X 33 MT",COMPRAS,31894.0,5103.04,36997.04
118,2023-01-01,3548,SERVICIOS CORPORATIVOS ESPECIALIZADOS DE PRODUCTIVIDAD Y COMPETITIVIDAD EMPRESARIAL,SERVICIOS LEGALES SOBRE DERECHO LABORAL,HONORARIOS PM,1944.01,311.05,2255.06
119,2023-01-01,29238,SANJUANA VARGAS ALMANZA,"MA4NC-Timer 48x48mm 8 pin con dial multirango, multifunción y multivoltaje 24-240vca-vcd 2 contacto  1 de retardo + 1 instantáneo ",COMPRAS,443.74,71.0,514.74
120,2023-01-01,4835,SANJUANA VARGAS ALMANZA,Pago,COMPRAS,0.0,0.0,0.0
121,2023-01-01,166109,VIDRIOS Y CRISTALES DE QUERETARO,CRISTAL FLOTADO CLARO 3 MM 40 X 52.5,MTTO LOCAL,86.9,13.9,100.80000000000001
122,2023-01-01,155375,COMERCIALIZADORA ELECTRICA INDUSTRIAL VAZQUEZ,AISLADOR CHOCOLATE 4 X10,COMPRAS,16649.94,2664.0,19313.94
123,2023-01-01,6560,JOSE ALEJANDRO GUERRA BRAUN,THINER,COMPRAS,288.79,46.21,331.39
124,2023-01-01,931,INGENIERIA EN SISTEMAS AUTOMATIZADOS E INSTRUMENTACION,"aislador ceramico de 3"" cal. 14. OC. 3478 O.T. 22204",COMPRAS,13600.0,2176.0,15776.0
125,2023-01-01,XXXX,NR FINANCE MEXICO,Interes de Financiamiento,CREDITO ,1690.61,270.5,1961.11
126,2023-01-01,75943,NOVATEL MEXICANA SA DE CV,"BANDA 0.030"" DE 40 CM X 3.20 MT",COMPRAS,1600.0,256.0,1856.0
127,2023-01-01,124,Laura Fernanda Padilla Longoria,PELLA 931-5KG,COMPRAS,189.66,30.34,220.0
128,2023-01-01,140424,OPERADORA DE SERVICIOS PAQUETEXPRESS,SEGURO,PAQUETERIA,2296.37,367.42,2649.3
129,2023-01-01,1031,PRODUCTOS Y SERVICIOS CAMFIVE,Lente CAMFive Laser para cabezal autofucus de metal 25mm - F63 Ambar,MAQUINARIA,2556.1,408.98,2965.08
130,2023-01-01,2480,ANDRES FRANCO SOSA,ALETA CONTINUA DE ACERO INOX. PARA TUBULAR DE 1/2,COMPRAS,12000.0,1920.0,13920.0
131,2023-01-01,11254684,PODER EJECUTIVO DEL ESTADO DE QUERETARO,IMPUESTO SOBRE NOMINA SECTOR PRIVADO,DERECHOS,3008.0,0.0,3008.0
132,2023-01-01,1698,MARISOL MENDOZA CHAVEZ,Pago,COMPRAS,0.0,0.0,0.0
133,2023-01-01,75951,NOVATEL MEXICANA SA DE CV,"NOVAFLON 0.010"" STD C/A SILICONADO O",COMPRAS,19620.0,3139.2,22759.2
134,2023-01-01,777,MIGUEL ANGEL POZOS PONCE,Tarjetas de presentacion Calor y Control ,PAPELERIA,280.0,44.8,324.8
135,2023-01-01,087055,PRODYMEL S.A. DE C.V.,ESPAGUETTI F.V. DE 2 mm,COMPRAS,633.6,101.38,734.98
136,2023-01-01,44284,TORCOSA,BRIDA CIEGA AC FORJ 150LBS 3PG,COMPRAS ,951.83,152.29,1104.1200000000001
137,2023-01-01,155565,COMERCIALIZADORA ELECTRICA INDUSTRIAL VAZQUEZ,CABLE F.V.NIQUEL PURO MICA 500°C 600V CAL 8 ROLLO 100 M---O.C. 03481,COMPRAS,33633.36,5381.34,39014.7
138,2023-01-01,4660309,COSTCO DE MEXICO,QUESO MONTEREY JACK 907 G KIRKLAND SIGNATURE,NO DEDUCIBLE,2086.97,55.03,2142.0
139,2023-01-01,003710181,DHL EXPRESS MEXICO,EXPRESS DOMESTIC,MENSAJERIA,247.9,39.66,287.56
140,2023-01-01,59539,JORGE LUIS GARCIA TRUJILLO,VARILLA ROSCADA GALV DE 3/16  X 1,COMPRAS,329.31,52.69,382.0
141,2023-01-01,202212-E2341533107-16012023-303989,INSTITUTO MEXICANO DEL SEGURO SOCIAL,Cuotas IMSS ,IMSS/INFONAVIT,38078.44,0.0,38078.44
142,2023-01-01,528740,SERVICIOS PLAZA DEL NORTE S.A DE C.V.,32025                G-SUPER,GASOLINA,1223.91,190.17,1414.0800000000002
143,2023-01-01,91328,AESA ARTICULOS ELECTRICOS,OXIDO DE MAGNESIO (BAJA),COMPRAS,3700.0,592.0,4292.0
144,2023-01-01,71151,COMPONENTES CARRILLO,FOCO E14 255V 5W 16X35,COMPRAS ,98.28,15.72,114.0
145,2023-01-01,4584,COMERCIALIZADORA ELECTRICA INDUSTRIAL VAZQUEZ,Pago,COMPRAS,0.0,0.0,0.0
146,2023-01-01,174669,ELECTROTERMICA NACIONAL,"CABLE PARA RTD calibre 24, con forro de TEFLON, codigo RTD-FEP/FEP/3X24. (109369-1 MO)",COMPRAS,1820.0,291.2,2111.2
147,2023-01-01,16301,HOME DEPOT MEXICO,GAS MAP PRO CILINDRO 14.1 OZ,COMPRAS,469.83,75.17,545.0
148,2023-01-01,1246,NOVATEL MEXICANA SA DE CV,Pago,COMPRAS,0.0,0.0,0.0
149,2023-01-01,1183516,ASPEL DE MEXICO,Suscripción ASPEL-SAE Mensual 14 Usr(s),MTTO COMPUTO,2887.0,461.92,3348.92
150,2023-01-01,16,RUBEN DARIO BARRERA GONZALEZ,Perla de vidrio 60/80 de acuerdo a la orden de compra OC03483,COMPRAS,1485.0,237.6,1722.6
151,2023-01-01,6863,CACELEC,"TIPO CAFETERA TY60 FIJO 55ºC, CAMPINI, TERMOSTATO BIMETALICO",COMPRAS,3800.14,608.02,4408.16
152,2023-01-01,6864,CACELEC,"TY95 0/120ºC, CAP 3MT, CAMPINI, TERMOSTATO BULBO Y CAPILAR",COMPRAS,620.0,99.2,719.2
153,2023-01-01,22822,"COMER CHRIS, SA DE CV",HIG.FAPSA (9-180) C/12 HB03318,MTTO LOCAL,539.23,86.28,625.51
154,2023-01-01,359332,"INFRA, S.A. DE C.V.",CARGA DE SPARK LASER O2 ASISTENCIA CL,COMPRAS,522.47,83.6,606.07
155,2023-01-01,8608,MARISOL MENDOZA CHAVEZ,GAS OXIGENO INDUSTRIAL 9.5  M3 .,COMPRAS,560.35,89.66,650.01
156,2023-01-01,AP37740,OPERADORA DE SERVICIOS PAQUETEXPRESS,Pago,PAQUETERIA,0.0,0.0,0.0
157,2023-01-01,7087,CARLOS ENRIQUE ZERMEÑO GUTIERREZ,VARILLA DE SOLDADURA DE PLATA AL 35% EN 1/16 X 18,COMPRAS,7741.17,1238.59,8979.76
158,2023-01-01,91461,AESA ARTICULOS ELECTRICOS,HULE DE SILICON (19X9.5mm),COMPRAS,190.0,30.4,220.4
159,2023-01-01,16933,ASOCIACION DE TRABAJADORES A LA VANGUARDIA,ADMINISTRACION DE PROGRAMA DE COMPETITIVIDAD CON NUMERO DE FOLIO  CALOR/PEPCE/ATVANGUARDIA/123/2021,COMISION MIXTA,21668.65,0.0,21668.65
160,2023-01-01,1912,JULIO CESAR BARRERA LOPEZ,SPAGUETTY F.V. 3MM X 1M,COMPRAS,4284.0,685.44,4969.4400000000005
161,2023-01-01,8811090280022099,"BANCO NACIONAL DE MEXICO, S.A.",COMIS. ANUAL (ENE 23),COMISION BANCARIA,2250.0,360.0,2610.0
162,2023-01-01,155827,COMERCIALIZADORA ELECTRICA INDUSTRIAL VAZQUEZ,OXIDO DE MAGNESIO TIPO 5BLST IMERYS,COMPRAS,9950.0,1592.0,11542.0
163,2023-01-01,24116,CLARITY SYSTEMS,SISTEMA DE PURIFICACIÓN ACCUA PERFECTA 4A,ALIMENTOS,343.97,55.03,399.0
164,2023-01-01,202300036,THE DONADEL INC,Servicio de distribuidores por comisión,VARIOS,306.5,49.04,355.54
165,2023-01-01,59599,JORGE LUIS GARCIA TRUJILLO,Tor.Hexag.Inox.18-8 1/4-20 x 2 (50585),COMPRAS,2882.65,461.22,3343.87
166,2023-01-01,75989,NOVATEL MEXICANA SA DE CV,"CINTA 0.005"" C/A STD DE 2"" X 33 MT",COMPRAS,6720.0,1075.2,7795.2
167,2023-01-01,34323,PRODUCTOS POLIMEX,CERAMICA PARA ALTA TEMPERATURA,COMPRAS,7800.0,1248.0,9048.0
168,2023-01-01,2,CELSO CESAR RIOS MEDINA,SERVICIO A MAQUINARIA,CAPACITACION,4500.0,720.0,5220.0
169,2023-01-01,3670,SERVICIOS CORPORATIVOS ESPECIALIZADOS DE PRODUCTIVIDAD Y COMPETITIVIDAD EMPRESARIAL,SERVICIOS LEGALES SOBRE DERECHO LABORAL,HONORARIOS PM,2166.87,346.69,2513.56
170,2023-01-01,35556,SEGURIDAD INDUSTRIAL AMIGO,"Señalamiento, Sanitario de Damas Screen, Azul, A-11, 25 x 35 cm",UNIFORMES,626.9,100.31,727.21
171,2023-01-01,29494,SANJUANA VARGAS ALMANZA,"TC4S-14R - Controlador de temperatura economico, display individual y control PID; ajuste por teclas frontales, 4 digitos (9999); tamaño DIN W48xH48mm (bloque de term,), 1 salida de alarma; alim, 100-240VCA 50/6 INMEDIATO SALVO PREVIA VENTA",COMPRAS,1009.01,161.44,1170.45
172,2023-01-01,29495,SANJUANA VARGAS ALMANZA,"601282300040 - 60,12,8,230,0040 Relé Octal (230VAC) 10 A                         8 PINES",COMPRAS,185.45,29.67,215.12
173,2023-01-01,5326,BRAULIO DE LA VEGA QUINZAÑOS,filtro Koblenz 6 & 9 galones,MTTO LOCAL,413.79,66.21,480.0
174,2023-01-01,14,JUAN ANTONIO VICTORIA DIAZ,RESINA PREACELERADA 2022,COMPRAS,91.38,14.62,106.0
175,2023-01-01,13684,DH4 COMERCIALIZADORA SA DE CV,COMISION DEL 4% EN LA INTERMEDIACION MERCANTIL POR LA COLOCACION DE DIVERSAS RESISTENCIAS ELECTRICAS A VARIOS CLIENTES DURANTE EL PERIODO DE DICIEMBRE DE 2022 PRIMERA FASE,SUELDOS DIRECCION,46024.63,7363.94,53388.57
176,2023-01-01,67818,MR MULTISERVICIOS INDUSTRIALES,"BARRA RED AC INOX T 304 3/8""",COMPRAS,575.0,92.0,667.0
177,2023-01-01,AP37827,OPERADORA DE SERVICIOS PAQUETEXPRESS,Pago,PAQUETERIA,0.0,0.0,0.0
178,2023-01-01,140984,OPERADORA DE SERVICIOS PAQUETEXPRESS,SERVICIOS DE PAQUETERIA Y MENSAJERIA,PAQUETERIA,1506.88,241.1,1747.98
179,2023-01-01,244860,LA PALOMA COMPAÑÍA DE METALES S.A. DE CV,INOX. SOLERA 304 6.4 X 25.4 MM,COMPRAS,4669.56,747.13,5416.6900000000005
180,2023-01-01,244893,LA PALOMA COMPAÑÍA DE METALES S.A. DE CV,CORTE DE MATERIAL,COMPRAS,1278.7,204.59,1483.29
181,2023-01-01,122232,ASISTENCIAS Y ASESORIAS RCC SA DE CV,SERVICIOS DE ASESORIA A LA GERENCIA GENERAL EN LA RECUPERACION DE COBRANZA DE LA EMPRESA CALOR Y CONTROL SA DE CV SERVICIOS PRESTADOS EN EL DOMICILIO DEL CLIENTE POR EL MES DE DICIEMBRE DE 2022,HONORARIOS PM,23593.47,3774.96,27368.43
182,2023-01-01,58229526,Autotransportes de Carga Tresguerras S.A de C.V.,Flete (IZT03474337),PAQUETERIA,166.48,26.63,188.39
183,2023-01-01,4601,COMERCIALIZADORA ELECTRICA INDUSTRIAL VAZQUEZ,Pago,COMPRAS,0.0,0.0,0.0
184,2023-01-01,2924,DXUN,GESTIÓN Y EJECUCIÓN DE PROCESOS DE APRENDIZAJE EN MATERIA DE ESTRATEGIAS Y DISEÑO DE PROCESOS.,CAPACITACION,5850.0,936.0,6786.0
185,2023-01-01,3416,JACOB FUENTES INIESTRA,BASCULA PARA COCINA 5K/1G,VARIOS,301.0,48.16,349.15999999999997
186,2023-01-01,11350761,PODER EJECUTIVO DEL ESTADO DE QUERETARO,DERECHOS POR CONTROL VEHICULAR,DERECHOS,6419.38,0.0,6419.38
187,2023-01-01,977,INGENIERIA EN SISTEMAS AUTOMATIZADOS E INSTRUMENTACION,Cable para PT100 3h forro PVC cal. 20. OC. 3503 O.T. 23099,COMPRAS,5500.0,880.0,6380.0
188,2023-01-01,1945,LABORATORIOS INDUSTRIALES DEL BAJIO S DE RL DE CV,CALIBRACION DE VERNIER,MTTO MAQUINARIA,330.0,52.8,382.8
189,2023-01-01,1711,MARISOL MENDOZA CHAVEZ,Pago,COMPRAS,0.0,0.0,0.0
190,2023-01-01,1713,MARISOL MENDOZA CHAVEZ,Pago,COMPRAS,0.0,0.0,0.0
191,2023-01-01,XXXX,TELEFONOS DE MEXICO S.A.B. DE C.V.,Pago,TELEFONO,0.0,0.0,0.0
192,2023-01-01,4668864,COSTCO DE MEXICO,"FILETE DE TILAPIA, SIN PIEL SIN ESPINAS 2 KG KIRKLAND SIGNATURE",NO DEDUCIBLE,4362.219999999999,216.96,4579.179999999999
193,2023-01-01,230129-000380176190,AT&T COMERCIALIZACION MOVIL,Internet adicional 1.5 GB 154.31_INARREAR,TELEFONO,2173.72,347.86,2521.58
194,2023-01-01,8,AESA ARTICULOS ELECTRICOS,Pago,COMPRAS,0.0,0.0,0.0
195,2023-01-01,7218,"AR PIROMETRIA E INGENIERIA, S.A. DE C.V.","ALAMBRE DESNUDO PARA TERMOPAR TIPO J POSITIVO,  CAL. 14 AWG",COMPRAS,1600.0,256.0,1856.0
196,2023-01-01,7317,"""J&M INTERCOPY""",MICROSOFT 365 APPS FOR BUSINESSVLIC,MTTO COMPUTO,2223.0,355.68,2578.68
197,2023-01-01,4443,VIRIDIANA NATALY JUAREZ SALGADO,BOQUILLA DE ALUMINA #7 7/16 10N47 PARA PORTAMORDAZA,COMPRAS ,126.34,20.21,146.55
198,2023-01-01,4148,BENJAMÍN MAYA MONDRAGÓN,ANILLOS DE 3/16 DIAMETRO INT. X 2 MM EN A-INOX T- 304,COMPRAS,8400.0,1344.0,9744.0
199,2023-01-01,2325,MINU SERVICIOS,REDUCCION DE 16 COLABORADORES A COBRAR EN EL MES DE DE ENERO 2022 SEGÚN TERMINOS Y CONDICIONES FIRMADO ENTRE LAS PARTES,SUSCRIPCIONES,-944.0,-151.04,-1095.04
200,2023-01-01,2327,MINU SERVICIOS,REDUCCION DE 16 COLABORADORES A COBRAR EN EL MES DE DE DICIEMBRE 2022 SEGÚN TERMINOS Y CONDICIONES FIRMADO ENTRE LAS PARTES,SUSCRIPCIONES,-944.0,-151.04,-1095.04
201,2023-01-01,AP37906,OPERADORA DE SERVICIOS PAQUETEXPRESS,Pago,PAQUETERIA,0.0,0.0,0.0
202,2023-01-01,10058,PRODUCTOS REFRACTARIOS PARA LA INDUSTRIA,"TABLA ""M"" DE FIBRA CERAM 2"" KAOWOOL",COMPRAS,2003.0,320.48,2323.48
203,2023-01-01,000013015,PREVISION DEL TRABAJO,Previvale Despensa Chip / Contraprestación,VALES DESPENSA,120.0,19.2,139.2
204,2023-01-01,29651,SANJUANA VARGAS ALMANZA,SRH3-1230 - SRH3-1230 ,COMPRAS,3344.0,535.04,3879.04
205,2023-01-01,MAT_2611_00001,CACELEC,Pago,COMPRAS,0.0,0.0,0.0
206,2023-01-01,693,"DXUN, S.A. de C.V.",Pago,CAPACITACION,0.0,0.0,0.0
207,2023-01-01,75,FRANCISCO DE GUADALUPE NOGUERAS RUBIO,Servicio dirección empresarial,GERENCIA ADMON,30000.0,4800.0,28600.0
208,2023-01-01,129,Laura Fernanda Padilla Longoria,931 PELLA - 5KG,COMPRAS,189.66,30.34,220.0
209,2023-01-01,000013085,PREVISION DEL TRABAJO,Previvale Despensa Chip / Contraprestación,VALES DESPENSA,10.0,1.6,11.6
210,2023-01-01,81006,TORNILLEROS UNIDOS DEL BAJIO SA DE CV,PLASTICO PARA EMPLAYAR 5 X 127 MTS,COMPRAS ,241.5,38.64,280.14
211,2023-01-01,873147,"BANCO INVEX, S.A., INSTITUCION DE BANCA MULTIPLE, INVEX, GRUPO FINANCIERO",COMISIONES E INTERESES,COMISION BANCARIA,0.0,0.0,0.0
212,2023-01-01,1092957089,BANCO MERCANTIL DEL NORTE SA INSTITUCION DE BANCA MULTIPLE GRUPO FINANCIERO BANORTE,SERVICIOS BANCARIOS,COMISION BANCARIA,18817.57,742.09,19559.66
213,2023-01-01,003731914,DHL EXPRESS MEXICO,EXPRESS DOMESTIC,MENSAJERIA,288.61,46.18,334.79
214,2023-01-01,1437823,EFECTIVALE S. de R.L. de C.V.,CONSUMOS DE COMBUSTIBLE DE MONEDEROS ELECTRONICOS,GASOLINA,12165.54,0.0,12165.54
215,2023-01-01,91097,AESA ARTICULOS ELECTRICOS,MANGUERA DE SILICON (9.5mm),COMPRAS,700.0,112.0,812.0
216,2023-02-01,25,AESA ARTICULOS ELECTRICOS,Pago,COMPRAS,0.0,0.0,0.0
217,2023-02-01,17340,ASOCIACION DE TRABAJADORES A LA VANGUARDIA,ADMINISTRACION DE PROGRAMA DE COMPETITIVIDAD CON NUMERO DE FOLIO  CALOR/PEPCE/ATVANGUARDIA/123/2021,COMISION MIXTA,20628.92,0.0,20628.92
218,2023-02-01,346612,BEPENSA LEASING S.A. DE C.V.,AA RENTA EXIGIBLE CL0000006876 31/36 de 03/01/2023 a 02/02/2023,ARRENDAMIENTO FINANCIERO,5551.38,888.22,6439.6
219,2023-02-01,346613,BEPENSA LEASING S.A. DE C.V.,AA RENTA EXIGIBLE CL0000006877 31/36 de 03/01/2023 a 02/02/2023,ARRENDAMIENTO FINANCIERO,5551.98,888.32,6440.299999999999
220,2023-02-01,346806,BEPENSA LEASING S.A. DE C.V.,AA RENTA EXIGIBLE CL0000009486 6/48 de 03/01/2023 a 02/02/2023,ARRENDAMIENTO FINANCIERO,8454.37,1352.7,9807.070000000002
221,2023-02-01,0001010100750847116902,"BANCO NACIONAL DE MEXICO, S.A.",COMISION COBRADA,COMISION BANCARIA,505.0,80.8,585.8
222,2023-02-01,007817297284,"BANCO NACIONAL DE MEXICO, S.A.",Servicios de Facturación,COMISION BANCARIA,0.0,0.0,0.0
223,2023-02-01,4620,COMERCIALIZADORA ELECTRICA INDUSTRIAL VAZQUEZ,Pago,COMPRAS,0.0,0.0,0.0
224,2023-02-01,3883,DELIVERYMAIL,Servicio de Mensajeria Nacional  ECONOMY,PAQUETERIA,744.56,119.13,863.6899999999999
225,2023-02-01,151063,"HERRAJES Y CERRADURAS DE QUERETARO, S.A. DE C.V.",SOPORTE P/MUEBLE LAT.O NIQ DE 30 CM PAR,MTTO OFICINA ,82.5,13.2,95.7
226,2023-02-01,1582,ALFREDO MORENO CHAVEZ,"LIMA TRIANGULO 8""",COMPRAS ,1079.31,172.69,1252.0
227,2023-02-01,1583,ALFREDO MORENO CHAVEZ,"DISCO DIAMANTE 4 1/2"" SEGMENTADO",COMPRAS ,270.69,43.31,314.0
228,2023-02-01,151696,"PINTURAS ACUEDUCTO, S.A. DE C.V",AEROCOMEX ALTA TEMPERATURA ALUMINIO,COMPRAS ,417.66,66.83,484.49
229,2023-02-01,81670,PLAST TEL SA DE CV,Bolsa natural de polietileno 20 X 30 por kg,MTT OFICINA,135.34,21.66,157.0
230,2023-02-01,0051458747,"Radiomóvil Dipsa, S.A. de C.V.",Pago,TELEFONO,0.0,0.0,0.0
231,2023-02-01,3988,SERVICIOS CORPORATIVOS ESPECIALIZADOS DE PRODUCTIVIDAD Y COMPETITIVIDAD EMPRESARIAL,SERVICIOS LEGALES SOBRE DERECHO LABORAL,HONORARIOS PM,2062.89,330.06,2392.95
232,2023-02-01,29777,SANJUANA VARGAS ALMANZA,"TC4S-14R-Controlador de temperatura economico, display individual y control PID; ajuste por teclas frontales, 4 digitos (9999); tamaño DIN W48xH48mm (bloque de term,), 1 salida de alarma; alim, 100-240VCA 50/6 ",COMPRAS,1682.83,269.25,1952.08
233,2023-02-01,58500060,Autotransportes de Carga Tresguerras S.A de C.V.,Pago,PAQUETERIA,0.0,0.0,0.0
234,2023-02-01,156414,COMERCIALIZADORA ELECTRICA INDUSTRIAL VAZQUEZ,RESIST CEIV DE RADIACION 245MM X 60MM 1000W 220V,COMPRAS,40937.52,6550.0,47487.52
235,2023-02-01,4677594,COSTCO DE MEXICO,CAFÉ MOLIDO CHIAPAS 1 KG KIRKLAND SIGNATURE,ALIMENTOS,478.0,0.0,478.0
236,2023-02-01,3006,ILUMICENTER,TUBO DE LED T5 QOP 60CM,Desconocido,323.28,51.72,375.0
237,2023-02-01,1723,"""J&M INTERCOPY""",Pago,MTTO COMPUTO,0.0,0.0,0.0
238,2023-02-01,1732,"""J&M INTERCOPY""",Pago,MTTO COMPUTO,0.0,0.0,0.0
239,2023-02-01,1584,ALFREDO MORENO CHAVEZ,DISCO DE CORTE AUSTROMEX CLAVE 737,COMPRAS,321.55,51.45,373.0
240,2023-02-01,76055,NOVATEL MEXICANA SA DE CV,"CINTA 0.003"" C/A STD DE 3""  X 33 MT",COMPRAS,17398.65,2783.78,20182.43
241,2023-02-01,1275,NOVATEL MEXICANA SA DE CV,Pago,COMPRAS,0.0,0.0,0.0
242,2023-02-01,1297,NOVATEL MEXICANA SA DE CV,Pago,COMPRAS,0.0,0.0,0.0
243,2023-02-01,141431,OPERADORA DE SERVICIOS PAQUETEXPRESS,SEGURO,PAQUETERIA,2772.69,443.63,3216.32
244,2023-02-01,XXXX,MARTIN SANDOVAL HERNANDEZ,Pago,COMPRAS,0.0,0.0,0.0
245,2023-02-01,91714609,"SEGUROS BANORTE SA DE CV, GRUPO FINANCIERO BANORTE",PRIMA. RECIBO:57888076,SEGUROS,1717.25,0.0,1717.25
246,2023-02-01,135961,TETRAFLON CORP,VITRIFLON ESTANDAR 0.005 C/A SILICON DE 100CM,VARIOS,5226.53,836.24,6062.7699999999995
247,2023-02-01,81322,TORNILLEROS UNIDOS DEL BAJIO,CUBRE BOCAS KN95 C/FILTRO,COMPRAS ,234.62,37.54,272.16
248,2023-02-01,91664,AESA ARTICULOS ELECTRICOS,TUBO PARA CARTUCHO 1/4 (9615 BGD),COMPRAS,9021.0,1443.36,10464.36
249,2023-02-01,7239,AR PIROMETRIA E INGENIERIA S.A. DE C.V.,"BLOCK CERAMICO, X 5 CM Ø CON 3
TERMINALES
",COMPRAS,3000.0,480.0,3480.0
250,2023-02-01,1851,EDGAR AGUILAR DIAZ,Pago,COMPRAS,0.0,0.0,0.0
251,2023-02-01,205544,BEPENSA LEASING S.A. DE C.V.,Pago,ARRENDAMIENTO FINANCIERO,0.0,0.0,0.0
252,2023-02-01,205545,BEPENSA LEASING S.A. DE C.V.,Pago,ARRENDAMIENTO FINANCIERO,0.0,0.0,0.0
253,2023-02-01,205707,BEPENSA LEASING S.A. DE C.V.,Pago,ARRENDAMIENTO FINANCIERO,0.0,0.0,0.0
254,2023-02-01,156496,COMERCIALIZADORA ELECTRICA INDUSTRIAL VAZQUEZ,"TAPON LATON MACIZO 2 1/2"" NPT #12",COMPRAS,10164.6,1626.33,11790.93
255,2023-02-01,11330,COMERCIALIZADORA DE INOXIDABLE,"TAPON CLAMP T-316L, 2"".",COMPRAS,164.24,26.28,190.52
256,2023-02-01,2807,JOSE ISMAEL MANCILLA COLUNGA,S CONTABLE MES ENERO 2023,HONORARIOS CONTABLES,4396.55,703.45,5100.0
257,2023-02-01,XXXX,TELEFONOS DE MEXICO S.A.B. DE C.V.,SUSCRIPCION NETFLIX,TELEFONO,2505.5499999999997,382.48,2888.0299999999997
258,2023-02-01,420230101898904,"INTERCAM BANCO S.A., INSTITUCION DE BANCA MULTIPLE, INTERCAM GRUPO FINANCIERO",COMISIÓN POR TIMBRADO FISCAL,COMISION BANCARIA,0.0,0.0,0.0
259,2023-02-01,420230101898904,"INTERCAM BANCO S.A., INSTITUCION DE BANCA MULTIPLE, INTERCAM GRUPO FINANCIERO",COMISION POR TIMBRADO FISCAL,COMISION BANCARIA,0.0,0.0,0.0
260,2023-02-01,22023010028311,INTERCAM FONDOS SA DE CV SOCIEDAD OPERADORA DE FONDOS DE INVERSION INTERCAM GRUPO FINANCIERO,Comisiones y Otros Cargos,COMISION BANCARIA,0.0,0.0,0.0
261,2023-02-01,91854468,"SEGUROS BANORTE SA DE CV, GRUPO FINANCIERO BANORTE",PRIMA. RECIBO:72211569,SEGUROS,1762.25,0.0,1762.25
262,2023-02-01,XXXX,JOSE JUAN SANTIAGO ALCANTARA,TERMOSTATO KSD302 200C 16A NORMALMENTE CERRADO,COMPRAS ,187.93,30.07,218.0
263,2023-02-01,13254,ASPEL DE MEXICO,Suscripción Aspel-NOI / Pago Mensual 1 Usr,MTTO COMPUTO,428.0,68.48,496.48
264,2023-02-01,21041838,ADT PRIVATE SECURITY SERVICES DE MEXICO,Monitoreo Dual Com Ret,MONITOREO CAMARAS ADT,1452.0,232.32,1684.32
265,2023-02-01,1998,JULIO CESAR BARRERA LOPEZ,SPAGUETTY F.V. 12MM X 1M,COMPRAS,2914.0,466.24,3380.24
266,2023-02-01,4583,EXI BAJIO,Pago,RENTA COPIADORA,0.0,0.0,0.0
267,2023-02-01,13004204,GRUPO INSUL THERM,RF 3075 DE 1.5 PULG X 48 X 100 PIES CON BARRERA DE VAPOR DE ALUMINIO REFORZADO,COMPRAS,1827.6,292.42,2120.02
268,2023-02-01,76077,NOVATEL MEXICANA SA DE CV,"NOVAFLON 0.010"" STD C/A SILICONADO O",COMPRAS,19620.0,3139.2,22759.2
269,2023-02-01,15549,ASPEL DE MEXICO,Suscripción Aspel-BANCO / Pago Mensual 1 Usr,MTTO COMPUTO,335.0,53.6,388.6
270,2023-02-01,24242,CLARITY SYSTEMS,SISTEMA DE PURIFICACIÓN ACCUA FLEX 4A ,ALIMENTOS,343.97,55.03,399.0
271,2023-02-01,174811,ELECTROTERMICA NACIONAL,"Lamparas de radiacion Elstein de 400 watts a 230 volts, de 245mm x 60mm, tipo FSR. (109500-1 EN)",COMPRAS,2994.0,479.04,3473.04
272,2023-02-01,843739,FERREHERRAMIENTAS,BURIL RECTANGULAR COBALTO 1/4,COMPRAS,397.2,63.55,460.75
273,2023-02-01,6587,JOSE ALEJANDRO GUERRA BRAUN,ARTICULOS FERRETEROS,COMPRAS,241.0,38.56,276.55
274,2023-02-01,43,INGE MARIA DEL CARMEN DE ROSENZWEIG FERNANDEZ,Pago,CAPACITACION,0.0,0.0,0.0
275,2023-02-01,91801,AESA ARTICULOS ELECTRICOS,CINTA NICROMEL  (3.1X.102),COMPRAS,5884.0,941.44,6825.4400000000005
276,2023-02-01,18806,ASPEL DE MEXICO,Suscripción Aspel-COI / Pago Mensual 1 Usr,MTTO COMPUTO,377.0,60.32,437.32
277,2023-02-01,969491,AUTOZONE DE MEXICO S DE RL DE CV,15380  Banda Automotriz,COMPRAS,83.62,13.38,97.0
278,2023-02-01,2671,"ASOCIACION DE MIPYMES INDUSTRIALES DE QUERETARO, A.C.",Cuota Asamblea Socios Febrero 2023,CAPACITACION,350.0,0.0,350.0
279,2023-02-01,261,"ASOCIACION DE MIPYMES INDUSTRIALES DE QUERETARO, A.C.",Pago,CAPACITACION,0.0,0.0,0.0
280,2023-02-01,17489,ASOCIACION DE TRABAJADORES A LA VANGUARDIA,ADMINISTRACION DE PROGRAMA DE COMPETITIVIDAD CON NUMERO DE FOLIO  CALOR/PEPCE/ATVANGUARDIA/123/2021,COMISION MIXTA,21873.23,0.0,21873.23
281,2023-02-01,156829,COMERCIALIZADORA ELECTRICA INDUSTRIAL VAZQUEZ,"CONECTOR DE LATON  1/2X5/16X1"" LONG # 6 - G----O.C. 03523",COMPRAS,8394.04,1343.05,9737.09
282,2023-02-01,76117,NOVATEL MEXICANA SA DE CV,"CINTA 0.005"" C/A STD DE 3"" X 33 MT",COMPRAS,14250.0,2280.0,16530.0
283,2023-02-01,1317,NOVATEL MEXICANA SA DE CV,Pago,COMPRAS,0.0,0.0,0.0
284,2023-02-01,141773,OPERADORA DE SERVICIOS PAQUETEXPRESS,SERVICIOS DE PAQUETERIA Y MENSAJERIA,PAQUETERIA,2111.39,337.82,2449.21
285,2023-02-01,4113,SERVICIOS CORPORATIVOS ESPECIALIZADOS DE PRODUCTIVIDAD Y COMPETITIVIDAD EMPRESARIAL,SERVICIOS LEGALES SOBRE DERECHO LABORAL,HONORARIOS PM,2187.32,349.97,2537.29
286,2023-02-01,30022,SANJUANA VARGAS ALMANZA,"AX41A-Control de temperatura digital 1/16 Din  48x48mm  entrada  J, K, pt100 , salida SSR + Rele + Rele  alim 100-240vca ",COMPRAS,3072.96,491.67,3564.63
287,2023-02-01,7118,CARLOS ENRIQUE ZERMEÑO GUTIERREZ,VARILLA DE SOLDADURA DE PLATA AL 35% EN 1/16 X 18,COMPRAS,7695.0,1231.2,8926.2
288,2023-02-01,91853,AESA ARTICULOS ELECTRICOS,HULE DE SILICON (12.7X6.3mm),COMPRAS,360.0,57.6,417.6
289,2023-02-01,96269,BQ ELECTRONICA,-PUNTAS PARA MULTIMETRO MUL-050,COMPRAS,656.03,104.96,760.99
290,2023-02-01,13795,DH4 COMERCIALIZADORA SA DE CV,COMISION DEL 4% EN LA INTERMEDIACION MERCANTIL POR LA COLOCACION DE DIVERSAS RESISTENCIAS ELECTRICAS A VARIOS CLIENTES DURANTE EL PERIODO DE ENERO DE 2023 PRIMERA FASE,SUELDOS DIRECCION,46802.99,7488.48,54291.47
291,2023-02-01,174829,ELECTROTERMICA NACIONAL,"CABLE PARA TERMOPAR tipo T, calibre 20, con forro de P.V.C., codigo T-PVC-PVC-20S. (109514-1 MO)",COMPRAS,9720.0,1555.2,11275.2
292,2023-02-01,22799,HOME DEPOT MEXICO,SAPO/FLAPPER 2 UNIVERSAL CON FLOTA,COMPRAS,79.31,12.69,92.0
293,2023-02-01,245680,LA PALOMA COMPAÑÍA DE METALES S.A. DE CV,CORTE DE MATERIAL,COMPRAS,1563.89,250.22,1814.1100000000001
294,2023-02-01,501760,BEBIDAS PURIFICADAS,Epura 20 Lts Policarbonato,ALIMENTOS,264.0,0.0,264.0
295,2023-02-01,23301,COMER CHRIS,MR.MUSC.LIMON COCINA 650ML.C/ATOM(314972),MTTO LOCAL,114.74,18.36,133.1
296,2023-02-01,1981295,EFECTIVALE S. de R.L. de C.V.,DISPERSION,GASOLINA,10300.0,48.0,10348.0
297,2023-02-01,44957121,AT&T COMERCIALIZACION MOVIL,Pago,TELEFONO,0.0,0.0,0.0
298,2023-02-01,2042,JULIO CESAR BARRERA LOPEZ,SPAGUETTY F.V. CON SILICON 5MM BLANCO,COMPRAS,1809.0,289.44,2098.44
299,2023-02-01,4644,COMERCIALIZADORA ELECTRICA INDUSTRIAL VAZQUEZ,Pago,COMPRAS,0.0,0.0,0.0
300,2023-02-01,135,Laura Fernanda Padilla Longoria,931 PELLA 5KG - 2 PZ,COMPRAS,379.31,60.69,440.0
301,2023-02-01,3792,PRODUCTOS POLIMEX,Pago,COMPRAS,0.0,0.0,0.0
302,2023-02-01,7546,TIENDAS FIX,"CHS-900AM Chaleco brigadista con cintas reflejantes, color azul marino",Desconocido,231.9,37.1,269.0
303,2023-02-01,96370,BQ ELECTRONICA,-BATERIA DE OXIDO DE PLATA 1.5V 130MAH TIPO BOTON,COMPRAS,84.48,13.52,98.0
304,2023-02-01,23806,HOME DEPOT MEXICO,SAPO/FLAPPER 2 UNIVERSAL CON FLOTA,COMPRAS,140.52,22.48,163.0
305,2023-02-01,19220,PEDRO MENDOZA MARTINEZ,Rueda Vitrificada Esmeri C.Tung  150X25X25.40 C60K5VC6                            CVE:  232,COMPRAS,458.02,73.28,531.3
306,2023-02-01,1407,JORGE RAMIREZ AGUILAR,SUMINISTRO E INSTALACION DE 2 FUENTES DE VOLTAJE Y 1 JUEGO DE TRANCEPTORES PARA CAMARAS,COMPRAS,1450.0,232.0,1682.0
307,2023-02-01,92008,AESA ARTICULOS ELECTRICOS,ALAMBRE NICROMEL 80/20 (11),COMPRAS,26905.309999999998,4304.85,31210.159999999996
308,2023-02-01,979579,AUTOZONE DE MEXICO,AZM 008  Grasa Blanca de,COMPRAS,85.34,13.66,99.0
309,2023-02-01,17822,ASOCIACION DE TRABAJADORES A LA VANGUARDIA,ADMINISTRACION DE PROGRAMA DE COMPETITIVIDAD CON NUMERO DE FOLIO  CALOR/PEPCE/ATVANGUARDIA/123/2021,COMISION MIXTA,22920.1,0.0,22920.1
310,2023-02-01,3898,DELIVERYMAIL,Servicio de Mensajeria Nacional  ECONOMY,PAQUETERIA,741.16,118.59,859.75
311,2023-02-01,9179,EXI BAJIO,Servicio de Arrendamiento,RENTA COPIADORA,2000.0,320.0,2320.0
312,2023-02-01,76,FRANCISCO DE GUADALUPE NOGUERAS RUBIO,Servicio dirección empresarial,GERENCIA ADMON,30000.0,4800.0,28600.0
313,2023-02-01,34584,PRODUCTOS POLIMEX,RESISTENCIA CAC DE ALTA,COMPRAS,5373.5,859.76,6233.26
314,2023-02-01,4401,SERVICIOS CORPORATIVOS ESPECIALIZADOS DE PRODUCTIVIDAD Y COMPETITIVIDAD EMPRESARIAL,SERVICIOS LEGALES SOBRE DERECHO LABORAL,HONORARIOS PM,2292.01,366.72,2658.7300000000005
315,2023-02-01,30235,SANJUANA VARGAS ALMANZA,"AX71A - Control de temperatura digital  72x72mm  entrada  J, K, pt100 , salida SSR + Rele + Rele  alim 100-240vca ",COMPRAS,2065.8,330.53,2396.33
316,2023-02-01,6970,CACELEC,"TIPO CAFETERA TY60 FIJO 55ºC, CAMPINI, TERMOSTATO BIMETALICO",COMPRAS,5490.76,878.52,6369.280000000001
317,2023-02-01,157378,COMERCIALIZADORA ELECTRICA INDUSTRIAL VAZQUEZ,OXIDO DE MAGNESIO TIPO 5BLST IMERYS,COMPRAS,12238.0,1958.08,14196.08
318,2023-02-01,0098856175,CONTROLADORA MABE,MICROONDAS MABE NEG,Desconocido,1471.0,235.36,1706.3600000000001
319,2023-02-01,4692844,COSTCO DE MEXICO,QUESO MONTEREY JACK 907 G KIRKLAND SIGNATURE,NO DEDUCIBLE,1268.9,0.0,1268.9
320,2023-02-01,4692854,COSTCO DE MEXICO,PECHUGA DE PAVO PRECIO POR KILO KIRKLAND SIGNATURE,NO DEDUCIBLE,356.5,0.0,356.5
321,2023-02-01,1764,CAR ONE MONTERREY,MATERIALES VARIOS,RENTA AUTO,1164.14,186.26,1350.4
322,2023-02-01,7366,"""J&M INTERCOPY""",POLIZA DE MANTENIMIENTO,MTTO COMPUTO,6324.0,1011.84,7335.84
323,2023-02-01,7367,"""J&M INTERCOPY""",MICROSOFT 365 APPS FOR BUSINESSVLIC,MTTO COMPUTO,2394.0,383.04,2777.04
324,2023-02-01,8705,MARISOL MENDOZA CHAVEZ,GAS OXIGENO INDUSTRIAL 9.5  M3 .,COMPRAS,560.35,89.66,650.01
325,2023-02-01,142210,OPERADORA DE SERVICIOS PAQUETEXPRESS,SERVICIOS DE PAQUETERIA Y MENSAJERIA,PAQUETERIA,1024.31,163.89,1188.1999999999998
326,2023-02-01,245950,LA PALOMA COMPAÑÍA DE METALES S.A. DE CV,INOX.LAMINA 304 2B C-24 914X3048 MM,COMPRAS,2778.59,444.57,3223.1600000000003
327,2023-02-01,XXXX,ALEJANDRO ANTONIO SORIA MOLINA,COACHING CORPORATIVO FEB 2023,COMPRAS ,10000.0,1600.0,10408.32
328,2023-02-01,30310,SANJUANA VARGAS ALMANZA,HUM18-3X32-MINI INTERRUPTOR DE 3 POLOS 32AMP ,COMPRAS,2706.19,432.96,3139.15
329,2023-02-01,1740,IRMA VILLALPANDO CASTANEDA,ESPAGUETI SILICON 2MM,COMPRAS,320.0,51.2,371.2
330,2023-02-01,4656,COMERCIALIZADORA ELECTRICA INDUSTRIAL VAZQUEZ,Pago,COMPRAS,0.0,0.0,0.0
331,2023-02-01,4693896,COSTCO DE MEXICO,POLLO ROSTIZADO 1 PZA 1.36KG MINIMO KIRKLAND SIGNATURE,NO DEDUCIBLE,475.28000000000003,56.37,531.65
332,2023-02-01,19228,3D MARKET S DE RL DE CV,Resin Plus Pro 0.5 kg Gray,COMPRAS,1540.0,246.4,1786.4
333,2023-02-01,60012,JORGE LUIS GARCIA TRUJILLO,PIJA C/FIJ. COMB GALV 10 X 1/2,COMPRAS,1986.92,317.91,2304.83
334,2023-02-01,7370,"""J&M INTERCOPY""",UNIDAD DE ESTADO SOLIDO SSD QUARONI 240G,MTTO COMPUTO,1100.0,176.0,1276.0
335,2023-02-01,4695015,COSTCO DE MEXICO,MEZCLA GOURMET CON OMEGA 3 737 G NATURE'S GARDEN,NO DEDUCIBLE,2053.4900000000002,76.19,2129.6800000000003
336,2023-02-01,11609429,PODER EJECUTIVO DEL ESTADO DE QUERETARO,IMPUESTO SOBRE NOMINA SECTOR PRIVADO,DERECHOS,3217.0,0.0,3217.0
337,2023-02-01,1755,"""J&M INTERCOPY""",Pago,MTTO COMPUTO,0.0,0.0,0.0
338,2023-02-01,XXXX,NR FINANCE MEXICO,Interes de Financiamiento,CREDITO ,1643.63,262.98,1906.6100000000001
339,2023-02-01,137,Laura Fernanda Padilla Longoria,OXIDO DE ALUMINIO CAFÉ - 1KG,COMPRAS,56.03,8.97,65.0
340,2023-02-01,60853,"PLACA Y ACERO DE QUERETARO, S.A DE C.V.",PLACA ACERO AL CARBON,COMPRAS,650.0,104.0,754.0
341,2023-02-01,30415,SANJUANA VARGAS ALMANZA,AEMX43/200PM-GABINETE  ACERO INOXIDABLE DE  MONTAJE  400x300x200 ,COMPRAS,3974.23,635.89,4610.12
342,2023-02-01,157692,COMERCIALIZADORA ELECTRICA INDUSTRIAL VAZQUEZ,CABLE F.V.COBRE MICA 300°C 600V CAL 16 ROLLO 100 M----o.c. 03543,COMPRAS,4464.39,714.3,5178.6900000000005
343,2023-02-01,XXXX,CARLOS LASTRA FALLAS,INTEGRACION DE EQUIPO DE TRABAJO,CAPACITACION,3750.0,600.0,4350.0
344,2023-02-01,1777,MARISOL MENDOZA CHAVEZ,Pago,COMPRAS,0.0,0.0,0.0
345,2023-02-01,76207,NOVATEL MEXICANA SA DE CV,"CINTA 0.005"" C/A STD DE 2"" X 33 MT",COMPRAS,42315.0,6770.4,49085.4
346,2023-02-01,76208,NOVATEL MEXICANA SA DE CV,"CINTA 0.005"" C/A STD DE 3"" X 33 MT",COMPRAS,2850.0,456.0,3306.0
347,2023-02-01,34646,PRODUCTOS POLIMEX,CERAMICA PARA ALTA TEMPERATURA,COMPRAS,8400.0,1344.0,9744.0
348,2023-02-01,81969,PLAST TEL SA DE CV,Bolsa natural de polietileno 60 X 90 por kg,COMPRAS,87.93,14.07,102.0
349,2023-02-01,81978,PLAST TEL SA DE CV,Vinil Orion X Mtro.,COMPRAS,342.67,54.83,397.5
350,2023-02-01,13662,VDM METALS DE MEXICO,ALAMBRE CRONIX 80-E CAL. B&S 19,COMPRAS,8040.23,1286.44,9326.67
351,2023-02-01,92248,AESA ARTICULOS ELECTRICOS,ALAMBRE TERMOPAR DESNUDO K (14),COMPRAS,1680.0,268.8,1948.8
352,2023-02-01,18013,ASOCIACION DE TRABAJADORES A LA VANGUARDIA,ADMINISTRACION DE PROGRAMA DE COMPETITIVIDAD CON NUMERO DE FOLIO  CALOR/PEPCE/ATVANGUARDIA/123/2021,COMISION MIXTA,23094.28,0.0,23094.28
353,2023-02-01,7002,CACELEC,"TY95 0/200ºC, CAP 3MT, CAMPINI, TERMOSTATO BULBO Y CAPILAR",COMPRAS,1889.8,302.37,2192.17
354,2023-02-01,4554,SERVICIOS CORPORATIVOS ESPECIALIZADOS DE PRODUCTIVIDAD Y COMPETITIVIDAD EMPRESARIAL,SERVICIOS LEGALES SOBRE DERECHO LABORAL,HONORARIOS PM,2309.43,369.51,2678.9399999999996
355,2023-02-01,XXXX,TELEFONOS DE MEXICO S.A.B. DE C.V.,Pago,TELEFONO,0.0,0.0,0.0
356,2023-02-01,210167,"Travers Tool, S. de R.L. de C.V.",Pago,COMPRAS,0.0,0.0,0.0
357,2023-02-01,2439068,CONCESIONARIA BICENTENARIO,"UID: 156345855671334252111763456789087244, Caseta Laja, carril : 33, Fecha : 2023-02-08 17:44:04",FLETES,62.07,9.93,72.0
358,2023-02-01,23636,COMER CHRIS,HIG.FAPSA (9-180) C/12 HB03318,MTTO LOCAL,539.23,86.28,625.51
359,2023-02-01,9137,DISTRIBUIDORA OC MEXICO S.A .DE C.V.,SABONIS PORTAMINAS  2.0MM + REP. MI20   E/BLISTER P-309,Desconocido,273.28,43.72,317.0
360,2023-02-01,328500,ELECTRONICA QRO PC,-KIT DE TERMOFIT,COMPRAS,214.66,34.35,249.01
361,2023-02-01,5504076496,GRAINGER,"Cartucho Cinta Etiq,Neg/Bco,3/4""x21 pies  Fecha Pedimento 04/11/2022",COMPRAS,785.0,125.6,910.6
362,2023-02-01,4182430,IIRSACERO S.A DE C.V.,1018 RED 3.17 MM(1/8)EF,COMPRAS,295.04,47.21,342.25
363,2023-02-01,142602,OPERADORA DE SERVICIOS PAQUETEXPRESS,SERVICIOS DE PAQUETERIA Y MENSAJERIA,PAQUETERIA,1968.79,315.01,2283.8
364,2023-02-01,83387,TORNILLEROS UNIDOS DEL BAJIO,"PLASTICO PARA EMPLAYAR 5"" X 244m CALIBRE 50",COMPRAS ,289.8,46.37,336.17
365,2023-02-01,52101,ASPEL DE MEXICO,Sistema Básico Aspel-SAE,MTTO COMPUTO,2887.0,461.92,3348.92
366,2023-02-01,7297,AR PIROMETRIA E INGENIERIA S.A. DE C.V.,MALLA TRENZADA DE 6MM EN ACERO INOXIDABLE 316,COMPRAS,5000.0,800.0,5800.0
367,2023-02-01,21131682,ADT PRIVATE SECURITY SERVICES DE MEXICO,Anticipo Cuenta COM,MONITOREO CAMARAS ADT,1171.92,187.51,1359.43
368,2023-02-01,MAT_2651_00001,CACELEC,Pago,COMPRAS,0.0,0.0,0.0
369,2023-02-01,12051,VICTOR HUGO CASTRO CANSINO,FUNDENTE UTP AG PARA SOLDADURA DE PLATA,COMPRAS,980.0,156.8,1136.8
370,2023-02-01,230058,ADRIANA GARCIA RAMIREZ,TRAPO INDUSTRIAL MEDIA CAMISETA,Desconocido,335.0,53.6,388.6
371,2023-02-01,AP38805,OPERADORA DE SERVICIOS PAQUETEXPRESS,Pago,PAQUETERIA,0.0,0.0,0.0
372,2023-02-01,8811090280022099,BANCO NACIONAL DE MEXICO SA,Pago,COMISION BANCARIA,0.0,0.0,0.0
373,2023-02-01,157866,COMERCIALIZADORA ELECTRICA INDUSTRIAL VAZQUEZ,CABLE F.V.NIQUEL PURO MICA 500°C 600V CAL 18 ROLLO 100 M,COMPRAS,12532.42,2005.19,14537.61
374,2023-02-01,27254546,RADIOMOVIL DIPSA,VENTA DE TAE PRECARGADO $100 R-50,TELEFONO,344.82,55.17,399.99
375,2023-02-01,2124,JULIO CESAR BARRERA LOPEZ,SPAGUETTY F.V. 19MM X 1M,COMPRAS,3265.0,522.4,3787.4
376,2023-02-01,174955,ELECTROTERMICA NACIONAL,"CABLE PARA TERMOPAR tipo T, calibre 20, con forro de P.V.C., codigo T-PVC-PVC-20S. (109641-1 MO)",COMPRAS,12150.0,1944.0,14094.0
377,2023-02-01,8730,MARISOL MENDOZA CHAVEZ,GAS OXIGENO INDUSTRIAL 9.5  M3 .,COMPRAS,560.35,89.66,650.01
378,2023-02-01,68946,MR MULTISERVICIOS INDUSTRIALES,"SOLERA ALUMINIO 6061 DE 1/2"" X 3""",COMPRAS,1005.0,160.8,1165.8
379,2023-02-01,68947,MR MULTISERVICIOS INDUSTRIALES,"BARRA RED AC INOX T-304 1/4""",COMPRAS,185.0,29.6,214.6
380,2023-02-01,000013553,PREVISION DEL TRABAJO,Previvale Despensa Chip / Contraprestación,VALES DESPENSA,135.0,21.6,156.6
381,2023-02-01,7183,CARLOS ENRIQUE ZERMEÑO GUTIERREZ,VARILLA DE SOLDADURA DE PLATA AL 35% EN 1/16 X 18,COMPRAS,7200.05,1152.01,8352.06
382,2023-02-01,63582,ASPEL DE MEXICO,Sistema Básico Aspel-SAE,MTTO COMPUTO,2887.0,461.92,3348.92
383,2023-02-01,XXXX,ANGEL ENRIQUE CERVANTES TAVAREZ,Mob-HM 68 Aceite para compresor,Desconocido,5858.99,937.44,6796.43
384,2023-02-01,122207,FERREBAZTAN DE QUERETARO,"[PTR03803814] P.T.R. 11/2"" Cal. 14 Azul ",Desconocido,780.0,124.8,904.8
385,2023-02-01,84289,IMPRESIONES INTELIGENTES A BAJO COSTO,CINTA MASKING TAPE 24*50 11024X5 JANEL,COMPRAS ,2381.38,381.02,2762.4
386,2023-02-01,11058,JM INDUSTRIAL TECHNOLOGY,Cable extensión R o S  FibraVidrio 400°C,Desconocido,1042.0,166.72,1208.72
387,2023-02-01,68987,MR MULTISERVICIOS INDUSTRIALES,LAMINA AC NEGRO LISA RF  4X10' CAL-16,COMPRAS,1150.0,184.0,1334.0
388,2023-02-01,77,FRANCISCO DE GUADALUPE NOGUERAS RUBIO,Servicio dirección empresarial,GERENCIA ADMON,30000.0,4800.0,28600.0
389,2023-02-01,10115,PRODUCTOS REFRACTARIOS PARA LA INDUSTRIA,"MORTERO DURALIG 44 (8 KG)  ""BARRO MEX""",COMPRAS,216.0,34.56,250.56
390,2023-02-01,83839,TORNILLEROS UNIDOS DEL BAJIO,WD 40 - AFLOJATODO AEROSOL 5.5 OZ,COMPRAS ,142.16,22.75,164.91
391,2023-02-01,30726,SANJUANA VARGAS ALMANZA,"1050000000-WEIDMULLER TAPA P/CLEMA WDU2,5-WDU10 ",COMPRAS,1596.01,255.36,1851.37
392,2023-02-01,882974,"BANCO INVEX, S.A., INSTITUCION DE BANCA MULTIPLE, INVEX, GRUPO FINANCIERO",COMISIONES E INTERESES,COMISION BANCARIA,0.0,0.0,0.0
393,2023-02-01,053560,BEBIDAS PURIFICADAS,Epura 20 Lts Policarbonato,ALIMENTOS,220.0,0.0,220.0
394,2023-02-01,1092957089,BANCO MERCANTIL DEL NORTE SA INSTITUCION DE BANCA MULTIPLE GRUPO FINANCIERO BANORTE,SERVICIOS BANCARIOS,COMISION BANCARIA,18071.52,682.4,18753.920000000002
395,2023-02-01,1453820,EFECTIVALE S. de R.L. de C.V.,CONSUMOS DE COMBUSTIBLE DE MONEDEROS ELECTRONICOS,GASOLINA,14472.32,0.0,14472.32
396,2023-02-01,18,AESA ARTICULOS ELECTRICOS,Pago,COMPRAS,0.0,0.0,0.0
